Date,Name,Year,Letterboxd URI
2020-11-20,Fight Club,1999,https://boxd.it/2a9q
2020-11-20,The Queen's Gambit,2020,https://boxd.it/s1Ym
2020-11-20,Parasite,2019,https://boxd.it/hTha
2020-11-20,The Trial of the Chicago 7,2020,https://boxd.it/kn3w
2020-11-20,Spider-Man: Into the Spider-Verse,2018,https://boxd.it/azpY
2020-11-20,Knives Out,2019,https://boxd.it/jWEA
2020-11-20,Joker,2019,https://boxd.it/h4cS
2020-11-20,Jojo Rabbit,2019,https://boxd.it/iEBG
2020-11-20,Inception,2010,https://boxd.it/1skk
2020-11-20,Pulp Fiction,1994,https://boxd.it/29Pq
2020-11-20,Hereditary,2018,https://boxd.it/hNVe
2020-11-20,Black Swan,2010,https://boxd.it/Sw0
2020-11-20,The Silence of the Lambs,1991,https://boxd.it/2aHW
2020-11-20,Pan's Labyrinth,2006,https://boxd.it/28No
2020-11-20,A Ghost Story,2017,https://boxd.it/fb0K
2020-11-20,2001: A Space Odyssey,1968,https://boxd.it/2bf0
2020-11-20,Lost in Translation,2003,https://boxd.it/2b0E
2020-11-20,Lady Bird,2017,https://boxd.it/dGNE
2020-11-20,Before Sunrise,1995,https://boxd.it/2bcU
2020-11-20,Call Me by Your Name,2017,https://boxd.it/dYmm
2020-11-20,Arrival,2016,https://boxd.it/aNGk
2020-11-20,Donnie Darko,2001,https://boxd.it/2b2A
2020-11-20,Memento,2000,https://boxd.it/2bcK
2020-11-20,The Pianist,2002,https://boxd.it/2aqc
2020-11-20,127 Hours,2010,https://boxd.it/SLa
2020-11-20,Grave of the Fireflies,1988,https://boxd.it/1RUM
2020-11-20,Apocalypse Now,1979,https://boxd.it/6ZS
2020-11-20,Your Name.,2016,https://boxd.it/cUqs
2020-11-20,Prisoners,2013,https://boxd.it/4E5i
2020-11-20,The Grand Budapest Hotel,2014,https://boxd.it/3ZqO
2020-11-20,Annihilation,2018,https://boxd.it/9yzm
2020-11-20,Spirited Away,2001,https://boxd.it/2b4m
2020-11-20,The Prestige,2006,https://boxd.it/293w
2020-11-20,Forrest Gump,1994,https://boxd.it/728
2020-11-20,Ferris Bueller's Day Off,1986,https://boxd.it/1YPY
2020-11-20,Amélie,2001,https://boxd.it/2aUc
2020-11-20,Gone with the Wind,1939,https://boxd.it/29Fq
2020-11-20,Fantastic Mr. Fox,2009,https://boxd.it/1WyQ
2020-11-20,The Lord of the Rings: The Fellowship of the Ring,2001,https://boxd.it/2b5O
2020-11-20,The Life Aquatic with Steve Zissou,2004,https://boxd.it/2aqw
2020-11-20,Sing Street,2016,https://boxd.it/cOo6
2020-11-20,Little Women,2019,https://boxd.it/aSVk
2020-11-20,Moonrise Kingdom,2012,https://boxd.it/2Wng
2020-11-20,(500) Days of Summer,2009,https://boxd.it/1EmM
2020-11-20,Stand by Me,1986,https://boxd.it/2aOe
2020-11-20,My Neighbor Totoro,1988,https://boxd.it/20eA
2020-11-20,Lilo & Stitch,2002,https://boxd.it/1TAY
2020-11-20,La La Land,2016,https://boxd.it/a5fa
2020-11-20,The Shawshank Redemption,1994,https://boxd.it/2aHi
2020-11-20,1917,2019,https://boxd.it/jj4y
2020-11-20,Baby Driver,2017,https://boxd.it/bhF2
2020-11-20,The Florida Project,2017,https://boxd.it/dMG0
2020-11-20,Marriage Story,2019,https://boxd.it/hJAw
2020-11-20,No Country for Old Men,2007,https://boxd.it/21ew
2020-11-20,Phantom Thread,2017,https://boxd.it/e4uc
2020-11-20,There Will Be Blood,2007,https://boxd.it/20Z2
2021-05-02,Blade Runner 2049,2017,https://boxd.it/b8wK
2021-05-02,Blade Runner,1982,https://boxd.it/2bcA
2021-05-02,The Lighthouse,2019,https://boxd.it/icFU
2021-05-02,Waves,2019,https://boxd.it/jpmy
2021-05-02,Sound of Metal,2019,https://boxd.it/i7Q4
2021-05-02,Once Upon a Time… in Hollywood,2019,https://boxd.it/gH0O
2021-05-02,Minari,2020,https://boxd.it/mL9M
2021-05-02,The Killing of a Sacred Deer,2017,https://boxd.it/dZ5G
2021-05-02,Toy Story 4,2019,https://boxd.it/9ALu
2021-05-02,Avengers: Endgame,2019,https://boxd.it/9vE4
2021-05-02,A Star Is Born,2018,https://boxd.it/aXgc
2021-05-02,Avengers: Infinity War,2018,https://boxd.it/9vEe
2021-05-02,Black Panther,2018,https://boxd.it/8MHs
2021-05-02,The Greatest Showman,2017,https://boxd.it/acjI
2021-05-02,Manchester by the Sea,2016,https://boxd.it/b2L0
2021-05-02,The Revenant,2015,https://boxd.it/8H5e
2021-05-02,Star Wars: The Force Awakens,2015,https://boxd.it/4vru
2021-05-02,Mad Max: Fury Road,2015,https://boxd.it/2DjO
2021-05-02,The Theory of Everything,2014,https://boxd.it/7YtA
2021-05-02,Guardians of the Galaxy,2014,https://boxd.it/3VH2
2021-05-02,Whiplash,2014,https://boxd.it/7bQA
2021-05-02,The Wolf of Wall Street,2013,https://boxd.it/3C1m
2021-05-02,12 Years a Slave,2013,https://boxd.it/2D2e
2021-05-02,Gravity,2013,https://boxd.it/GZY
2021-05-02,Les Misérables,2012,https://boxd.it/2TT4
2021-05-02,Django Unchained,2012,https://boxd.it/2cCk
2021-05-02,Skyfall,2012,https://boxd.it/17Fc
2021-05-02,Argo,2012,https://boxd.it/2czU
2021-05-02,War Horse,2011,https://boxd.it/nf8
2021-05-02,The Tree of Life,2011,https://boxd.it/1Zu8
2021-05-02,The King's Speech,2010,https://boxd.it/dX0
2021-05-02,Toy Story 3,2010,https://boxd.it/1WRe
2021-05-02,Avatar,2009,https://boxd.it/1Efm
2021-05-02,District 9,2009,https://boxd.it/1Iik
2021-05-02,The Hangover,2009,https://boxd.it/1GjK
2021-05-02,The Curious Case of Benjamin Button,2008,https://boxd.it/23Fk
2021-05-02,The Dark Knight,2008,https://boxd.it/2b0k
2021-05-02,WALL·E,2008,https://boxd.it/1VEo
2021-05-02,Slumdog Millionaire,2008,https://boxd.it/1S3E
2021-05-02,Into the Wild,2007,https://boxd.it/22m2
2021-05-02,The Departed,2006,https://boxd.it/28MA
2021-05-02,Little Miss Sunshine,2006,https://boxd.it/29EW
2021-05-02,Million Dollar Baby,2004,https://boxd.it/2bdI
2021-05-02,The Lord of the Rings: The Return of the King,2003,https://boxd.it/2b5u
2021-05-02,The Lord of the Rings: The Two Towers,2002,https://boxd.it/2b5E
2021-05-02,City of God,2002,https://boxd.it/2a2a
2021-05-02,The Royal Tenenbaums,2001,https://boxd.it/1YHU
2021-05-02,Amores Perros,2000,https://boxd.it/2bfu
2021-05-02,Gladiator,2000,https://boxd.it/2b9m
2021-05-02,Toy Story 2,1999,https://boxd.it/29qq
2021-05-02,American Beauty,1999,https://boxd.it/71Y
2021-05-02,The Sixth Sense,1999,https://boxd.it/29Js
2021-05-02,The Matrix,1999,https://boxd.it/2a1m
2021-05-02,Saving Private Ryan,1998,https://boxd.it/29ro
2021-05-02,The Big Lebowski,1998,https://boxd.it/2b6C
2021-05-02,Fargo,1996,https://boxd.it/2aHM
2021-05-02,Trainspotting,1996,https://boxd.it/29XY
2021-05-02,Se7en,1995,https://boxd.it/29zs
2021-05-02,Babe,1995,https://boxd.it/1Yh8
2021-05-02,Braveheart,1995,https://boxd.it/2aTI
2021-05-02,The Usual Suspects,1995,https://boxd.it/29XE
2021-05-02,Schindler's List,1993,https://boxd.it/2aq2
2021-05-02,Jurassic Park,1993,https://boxd.it/2aA2
2021-05-02,Groundhog Day,1993,https://boxd.it/2b3e
2021-05-02,GoodFellas,1990,https://boxd.it/29FA
2021-05-02,Rain Man,1988,https://boxd.it/2avw
2021-05-02,Cinema Paradiso,1988,https://boxd.it/1UlA
2021-05-02,Top Gun,1986,https://boxd.it/29JC
2021-05-02,Back to the Future,1985,https://boxd.it/2b8e
2021-05-02,Scarface,1983,https://boxd.it/2b7g
2021-05-02,Return of the Jedi,1983,https://boxd.it/27Vm
2021-05-02,E.T. the Extra-Terrestrial,1982,https://boxd.it/2a1G
2021-05-02,Raiders of the Lost Ark,1981,https://boxd.it/2bbs
2021-05-02,The Empire Strikes Back,1980,https://boxd.it/27Vw
2021-05-02,Alien,1979,https://boxd.it/2awY
2021-05-02,Star Wars,1977,https://boxd.it/72s
2021-05-02,Rocky,1976,https://boxd.it/28Uk
2021-05-03,The Hateful Eight,2015,https://boxd.it/8gw8
2021-05-03,The Mitchells vs. The Machines,2021,https://boxd.it/i7xm
2021-05-03,Soul,2020,https://boxd.it/ioLA
2021-05-03,Get Out,2017,https://boxd.it/eOCm
2021-05-03,Interstellar,2014,https://boxd.it/4VZ8
2021-05-03,I'm Thinking of Ending Things,2020,https://boxd.it/i4IQ
2021-05-03,School of Rock,2003,https://boxd.it/28xK
2021-05-03,Collateral,2004,https://boxd.it/28F0
2021-05-04,Jaws,1975,https://boxd.it/2a5e
2021-05-04,Birdman or (The Unexpected Virtue of Ignorance),2014,https://boxd.it/5RFA
2021-05-05,"I, Daniel Blake",2016,https://boxd.it/d0xa
2021-05-08,The Death of Stalin,2017,https://boxd.it/ea9Y
2021-06-05,Wolfwalkers,2020,https://boxd.it/fGrC
2021-06-05,BlacKkKlansman,2018,https://boxd.it/hxL8
2021-06-14,Inglourious Basterds,2009,https://boxd.it/1JzG
2021-06-14,mother!,2017,https://boxd.it/dgRU
2021-06-14,Tenet,2020,https://boxd.it/leq4
2021-06-18,The Aviator,2004,https://boxd.it/26BU
2021-06-18,First Reformed,2017,https://boxd.it/go9C
2021-06-18,Sorry to Bother You,2018,https://boxd.it/f21E
2021-06-18,Drive,2011,https://boxd.it/IG
2021-06-18,Mary and Max,2009,https://boxd.it/1y2m
2021-06-18,The Terminal,2004,https://boxd.it/2a2O
2021-06-18,Cast Away,2000,https://boxd.it/20i8
2021-06-18,Burning,2018,https://boxd.it/hHUa
2021-06-18,mid90s,2018,https://boxd.it/fxIa
2021-06-18,Before Sunset,2004,https://boxd.it/2bcg
2021-06-18,Catch Me If You Can,2002,https://boxd.it/29VS
2021-06-18,It's Kind of a Funny Story,2010,https://boxd.it/Tfa
2021-06-18,The Breadwinner,2017,https://boxd.it/frLs
2021-06-18,The Wind Rises,2013,https://boxd.it/4JQS
2021-06-18,Inside Out,2015,https://boxd.it/4KHC
2021-06-18,Ponyo,2008,https://boxd.it/1S0A
2021-06-18,Isle of Dogs,2018,https://boxd.it/dZrW
2021-06-18,Porco Rosso,1992,https://boxd.it/1Tp2
2021-06-18,Kubo and the Two Strings,2016,https://boxd.it/a4wE
2021-06-18,Loving Vincent,2017,https://boxd.it/biIQ
2021-06-18,How to Train Your Dragon,2010,https://boxd.it/1WRy
2021-06-18,The Green Mile,1999,https://boxd.it/2agG
2021-06-18,Beasts of No Nation,2015,https://boxd.it/8Lp8
2021-06-18,Fury,2014,https://boxd.it/6JwC
2021-06-18,Snowpiercer,2013,https://boxd.it/3Icg
2021-06-21,Luca,2021,https://boxd.it/ipjC
2021-06-21,The Game,1997,https://boxd.it/26vC
2021-06-21,Life Itself,2018,https://boxd.it/fUda
2021-06-21,Tokyo Godfathers,2003,https://boxd.it/1Qg2
2021-06-21,Princess Mononoke,1997,https://boxd.it/2b4w
2021-06-21,The Bourne Ultimatum,2007,https://boxd.it/26Eu
2021-06-21,True Grit,2010,https://boxd.it/Sog
2021-06-21,Straight Outta Compton,2015,https://boxd.it/8rMc
2021-06-23,Citizen Kane,1941,https://boxd.it/71O
2021-06-23,Ex Machina,2014,https://boxd.it/7T2k
2021-06-23,Room,2015,https://boxd.it/7T0y
2021-06-23,The Witch,2015,https://boxd.it/9X0m
2021-06-23,Good Time,2017,https://boxd.it/fcFu
2021-06-23,Gifted,2017,https://boxd.it/e5dG
2021-06-23,Brooklyn,2015,https://boxd.it/5bdk
2021-06-23,Captain Fantastic,2016,https://boxd.it/b2K2
2021-06-23,How to Train Your Dragon: The Hidden World,2019,https://boxd.it/5a9w
2021-06-23,Onward,2020,https://boxd.it/io92
2021-06-23,Raya and the Last Dragon,2021,https://boxd.it/jbkI
2021-06-23,Noah,2014,https://boxd.it/34QA
2021-06-23,War Dogs,2016,https://boxd.it/9SlO
2021-06-23,Rushmore,1998,https://boxd.it/1TAO
2021-06-24,Lawrence of Arabia,1962,https://boxd.it/2wRE
2021-06-25,Sicario,2015,https://boxd.it/8i7u
2021-06-25,Brokeback Mountain,2005,https://boxd.it/2b2q
2021-06-26,The Ballad of Buster Scruggs,2018,https://boxd.it/jB2q
2021-06-26,Bottle Rocket,1996,https://boxd.it/1PDa
2021-06-26,Bicycle Thieves,1948,https://boxd.it/23hW
2021-06-27,Magnolia,1999,https://boxd.it/2aze
2021-06-27,Brother Bear,2003,https://boxd.it/1Xjs
2021-06-28,Life in a Day 2020,2021,https://boxd.it/r6Nw
2021-06-29,The Shape of Water,2017,https://boxd.it/dZ5m
2021-06-29,Maudie,2016,https://boxd.it/ceaW
2021-06-29,The Hobbit: An Unexpected Journey,2012,https://boxd.it/GZk
2021-06-29,The Hobbit: The Desolation of Smaug,2013,https://boxd.it/nmS
2021-06-29,Pacific Rim,2013,https://boxd.it/2cB2
2021-06-29,The Hobbit: The Battle of the Five Armies,2014,https://boxd.it/43aU
2021-06-29,Hellboy II: The Golden Army,2008,https://boxd.it/1Ug6
2021-06-29,Back to the Future Part II,1989,https://boxd.it/2aYI
2021-06-29,Back to the Future Part III,1990,https://boxd.it/2aTS
2021-06-29,Who Framed Roger Rabbit,1988,https://boxd.it/29ry
2021-06-29,The Polar Express,2004,https://boxd.it/23am
2021-06-29,Contact,1997,https://boxd.it/29OM
2021-06-29,The Walk,2015,https://boxd.it/8Rao
2021-06-29,A Christmas Carol,2009,https://boxd.it/1HKW
2021-06-29,Hellboy,2004,https://boxd.it/28HK
2021-06-29,Man of Steel,2013,https://boxd.it/FRk
2021-06-29,Kangaroo Jack,2003,https://boxd.it/1VMM
2021-06-29,Batman v Superman: Dawn of Justice,2016,https://boxd.it/6fBW
2021-06-30,Hot Fuzz,2007,https://boxd.it/2416
2021-06-30,The Dark Knight Rises,2012,https://boxd.it/H3m
2021-06-30,Batman Begins,2005,https://boxd.it/2aIg
2021-07-01,Kung Fu Panda,2008,https://boxd.it/1Yws
2021-07-01,Kung Fu Panda 2,2011,https://boxd.it/G36
2021-07-01,Kung Fu Panda 3,2016,https://boxd.it/4uRQ
2021-07-01,Birds of Prey (and the Fantabulous Emancipation of One Harley Quinn),2020,https://boxd.it/hSyO
2021-07-03,Euphoria: Trouble Don't Last Always,2020,https://boxd.it/ta4a
2021-07-03,Euphoria: F*ck Anyone Who’s Not a Sea Blob,2021,https://boxd.it/tMkU
2021-07-04,The Iron Giant,1999,https://boxd.it/1Wow
2021-07-04,Mission: Impossible - Ghost Protocol,2011,https://boxd.it/psI
2021-07-04,Ratatouille,2007,https://boxd.it/27ww
2021-07-04,The Incredibles,2004,https://boxd.it/1XLm
2021-07-04,Incredibles 2,2018,https://boxd.it/7IPg
2021-07-04,Where the Wild Things Are,2009,https://boxd.it/1K0C
2021-07-04,The Fighter,2010,https://boxd.it/PP4
2021-07-04,Instant Family,2018,https://boxd.it/hHpQ
2021-07-04,Kingsman: The Golden Circle,2017,https://boxd.it/buJm
2021-07-06,A Quiet Place Part II,2020,https://boxd.it/iTx0
2021-07-07,Requiem for a Dream,2000,https://boxd.it/29VI
2021-07-08,Never Rarely Sometimes Always,2020,https://boxd.it/lWJk
2021-07-09,The Intern,2015,https://boxd.it/7AOE
2021-07-10,Source Code,2011,https://boxd.it/fdo
2021-07-11,Shazam!,2019,https://boxd.it/8WBu
2021-07-13,The Shining,1980,https://boxd.it/29Nu
2021-07-14,Shaun of the Dead,2004,https://boxd.it/29J8
2021-07-20,Doctor Sleep,2019,https://boxd.it/i5vI
2021-07-22,Rear Window,1954,https://boxd.it/2a6Q
2021-07-23,Godzilla vs. Kong,2021,https://boxd.it/e0qK
2021-07-26,Cruella,2021,https://boxd.it/bbKg
2021-08-01,Penguin Bloom,2020,https://boxd.it/mRZE
2021-08-06,Judas and the Black Messiah,2021,https://boxd.it/lsew
2021-08-15,The Suicide Squad,2021,https://boxd.it/fw6O
2021-08-22,The Butterfly Effect,2004,https://boxd.it/27M0
2021-08-29,Zack Snyder's Justice League,2021,https://boxd.it/tLOk
2021-08-29,Prometheus,2012,https://boxd.it/2s9e
2021-08-30,Alien: Covenant,2017,https://boxd.it/49UY
2021-09-05,Pi,1998,https://boxd.it/2ajq
2021-09-05,Black Widow,2021,https://boxd.it/hWV8
2021-09-10,Another Round,2020,https://boxd.it/lkba
2021-09-12,Boogie Nights,1997,https://boxd.it/23um
2021-09-14,The Three Deaths of Marisela Escobedo,2020,https://boxd.it/sh3Q
2021-09-17,My Octopus Teacher,2020,https://boxd.it/prk2
2021-09-22,The Host,2006,https://boxd.it/28ZY
2021-09-29,Nimic,2019,https://boxd.it/n10Q
2021-09-29,Shiva Baby,2020,https://boxd.it/oIv0
2021-09-30,The Master,2012,https://boxd.it/2cBG
2021-10-01,The Hunt,2012,https://boxd.it/3wEC
2021-10-01,Rogue One: A Star Wars Story,2016,https://boxd.it/aPvy
2021-10-05,In the Mood for Love,2000,https://boxd.it/29tE
2021-10-11,El Infierno,2010,https://boxd.it/yvm
2021-10-21,Amour,2012,https://boxd.it/34Q6
2021-10-21,The Many Saints of Newark,2021,https://boxd.it/j356
2021-10-28,Midsommar,2019,https://boxd.it/jhxe
2021-10-29,First Cow,2019,https://boxd.it/krga
2021-11-01,The Others,2001,https://boxd.it/27Po
2021-11-01,The Emperor's New Groove,2000,https://boxd.it/1Tey
2021-11-01,Juno,2007,https://boxd.it/210a
2021-11-01,About Time,2013,https://boxd.it/43bI
2021-11-01,Coraline,2009,https://boxd.it/1NhQ
2021-11-01,Blue Jay,2016,https://boxd.it/enEq
2021-11-02,Eyes Wide Shut,1999,https://boxd.it/2axs
2021-11-02,Dune,2021,https://boxd.it/fA7G
2021-11-11,Three Colors: Blue,1993,https://boxd.it/2b7K
2021-11-13,We Need to Talk About Kevin,2011,https://boxd.it/2pTS
2021-11-13,"The Chronicles of Narnia: The Lion, the Witch and the Wardrobe",2005,https://boxd.it/2ark
2021-11-13,The Chronicles of Narnia: Prince Caspian,2008,https://boxd.it/26Hy
2021-11-13,Kong: Skull Island,2017,https://boxd.it/9ewM
2021-11-13,Over the Garden Wall,2014,https://boxd.it/eqFw
2021-11-13,Band of Brothers,2001,https://boxd.it/aRNY
2021-11-13,Fullmetal Alchemist: Brotherhood,2009,https://boxd.it/ptii
2021-11-13,Avatar Spirits,2010,https://boxd.it/8vKa
2021-11-13,When They See Us,2019,https://boxd.it/kbJU
2021-11-14,Walk the Line,2005,https://boxd.it/2bdS
2021-11-14,Swiss Army Man,2016,https://boxd.it/bDG2
2021-11-28,One Night in Miami...,2020,https://boxd.it/oCUo
2021-11-28,The Great Escape,1963,https://boxd.it/22kA
2021-11-28,The Breakfast Club,1985,https://boxd.it/27q4
2021-11-28,Punch-Drunk Love,2002,https://boxd.it/20E4
2021-12-08,20th Century Women,2016,https://boxd.it/bqU6
2021-12-10,Last Night in Soho,2021,https://boxd.it/lbJC
2021-12-13,The Father,2020,https://boxd.it/m8Ie
2021-12-14,"tick, tick...BOOM!",2021,https://boxd.it/jz2e
2021-12-15,The Power of the Dog,2021,https://boxd.it/m99E
2021-12-15,A Cop Movie,2021,https://boxd.it/qdMI
2021-12-16,Eternal Sunshine of the Spotless Mind,2004,https://boxd.it/6YK
2021-12-20,The French Dispatch,2021,https://boxd.it/jLP8
2021-12-22,The Wrestler,2008,https://boxd.it/1So8
2021-12-25,The Matrix Reloaded,2003,https://boxd.it/2a1c
2021-12-27,Spider-Man: No Way Home,2021,https://boxd.it/nwRw
2021-12-29,The Green Knight,2021,https://boxd.it/kuy2
2021-12-31,C'mon C'mon,2021,https://boxd.it/nrI0
2022-01-03,Bo Burnham: Inside,2021,https://boxd.it/v2uy
2022-01-04,Don't Look Up,2021,https://boxd.it/o0Hc
2022-01-07,Encanto,2021,https://boxd.it/kPRu
2022-01-08,Nobody,2021,https://boxd.it/mLqS
2022-01-09,Paddleton,2019,https://boxd.it/j4YQ
2022-01-09,Portrait of a Lady on Fire,2019,https://boxd.it/jkPq
2022-01-12,Logan Lucky,2017,https://boxd.it/dZrs
2022-01-18,The House,2022,https://boxd.it/yVza
2022-01-20,The Amazing Spider-Man,2012,https://boxd.it/27PI
2022-01-20,The Social Network,2010,https://boxd.it/17ue
2022-01-23,The Darjeeling Limited,2007,https://boxd.it/24as
2022-01-23,Castello Cavalcanti,2013,https://boxd.it/6WlM
2022-01-23,Bottle Rocket,1994,https://boxd.it/pP8
2022-01-23,Cousin Ben Troop Screening,2012,https://boxd.it/49SS
2022-01-23,Blue Valentine,2010,https://boxd.it/MxG
2022-01-24,Hilda and the Mountain King,2021,https://boxd.it/tHmQ
2022-01-24,Eighth Grade,2018,https://boxd.it/hDMG
2022-01-24,Anima,2019,https://boxd.it/mxuc
2022-01-25,I'm No Longer Here,2019,https://boxd.it/lqSu
2022-01-25,Incendies,2010,https://boxd.it/Msm
2022-01-27,Eternals,2021,https://boxd.it/j36o
2022-01-29,Shang-Chi and the Legend of the Ten Rings,2021,https://boxd.it/kLDI
2022-01-31,Tangerine,2015,https://boxd.it/9QRe
2022-02-02,Polytechnique,2009,https://boxd.it/1AMG
2022-02-02,X-Men: Days of Future Past,2014,https://boxd.it/4aRw
2022-02-02,Midnight in Paris,2011,https://boxd.it/i4a
2022-02-08,Inherent Vice,2014,https://boxd.it/5hla
2022-02-09,Inside Llewyn Davis,2013,https://boxd.it/34Ro
2022-02-10,Nightmare Alley,2021,https://boxd.it/m0HC
2022-02-13,The King's Man,2021,https://boxd.it/h714
2022-02-13,Kingsman: The Secret Service,2014,https://boxd.it/6dxe
2022-02-13,X-Men: First Class,2011,https://boxd.it/FOA
2022-02-13,Kick-Ass,2010,https://boxd.it/1zaQ
2022-02-13,Stardust,2007,https://boxd.it/272w
2022-02-14,Pirates of the Caribbean: On Stranger Tides,2011,https://boxd.it/27Z4
2022-02-14,Spider-Man: Homecoming,2017,https://boxd.it/aboM
2022-02-14,Spider-Man: Far From Home,2019,https://boxd.it/fegG
2022-02-14,Iron Man,2008,https://boxd.it/28dA
2022-02-14,Iron Man 3,2013,https://boxd.it/2cBQ
2022-02-14,Iron Man 2,2010,https://boxd.it/1WZM
2022-02-14,Solo: A Star Wars Story,2018,https://boxd.it/bGWs
2022-02-14,The Jungle Book,2016,https://boxd.it/8wjk
2022-02-14,Daredevil,2003,https://boxd.it/1YzG
2022-02-14,Open Season,2006,https://boxd.it/20U2
2022-02-14,G-Force,2009,https://boxd.it/1ETc
2022-02-14,The Lion King,2019,https://boxd.it/eSjI
2022-02-14,CODA,2021,https://boxd.it/tbf4
2022-02-14,One Day,2011,https://boxd.it/Asu
2022-02-14,Titane,2021,https://boxd.it/nlQC
2022-02-15,Her,2013,https://boxd.it/4O24
2022-02-17,The Worst Person in the World,2021,https://boxd.it/oyws
2022-02-19,Parallel Mothers,2021,https://boxd.it/sOP4
2022-02-20,Flee,2021,https://boxd.it/ponM
2022-02-22,Prayers for the Stolen,2021,https://boxd.it/oZhu
2022-02-23,Hard Eight,1996,https://boxd.it/20DU
2022-02-24,Oldboy,2003,https://boxd.it/29R2
2022-02-28,Come and See,1985,https://boxd.it/1w9q
2022-02-28,Spencer,2021,https://boxd.it/qPMG
2022-03-02,Identifying Features,2020,https://boxd.it/oina
2022-03-05,Drive My Car,2021,https://boxd.it/sv94
2022-03-06,Licorice Pizza,2021,https://boxd.it/qTKY
2022-03-12,Turning Red,2022,https://boxd.it/ipkq
2022-03-13,The Hand of God,2021,https://boxd.it/r5uI
2022-03-14,Red Rocket,2021,https://boxd.it/sGpi
2022-03-18,Pride & Prejudice,2005,https://boxd.it/24u8
2022-03-18,The Assistant,2019,https://boxd.it/neWo
2022-03-18,Robin Hood,2010,https://boxd.it/1D6o
2022-03-18,Darkest Hour,2017,https://boxd.it/dZZa
2022-03-19,The Adam Project,2022,https://boxd.it/q2Dg
2022-03-20,The Batman,2022,https://boxd.it/eDGs
2022-03-25,Chinatown,1974,https://boxd.it/29vU
2022-03-27,"Everything, Everything",2017,https://boxd.it/eKx8
2022-03-27,Children of Men,2006,https://boxd.it/1Y2i
2022-03-28,Midnight Mass,2021,https://boxd.it/wvVA
2022-04-01,After Yang,2021,https://boxd.it/lx5a
2022-04-01,The Windshield Wiper,2021,https://boxd.it/mbcq
2022-04-01,Nausicaä of the Valley of the Wind,1984,https://boxd.it/2bc6
2022-04-02,The Lion King,1994,https://boxd.it/201Q
2022-04-02,Coco,2017,https://boxd.it/bYJQ
2022-04-02,Toy Story,1995,https://boxd.it/29qA
2022-04-02,Kiki's Delivery Service,1989,https://boxd.it/1JAY
2022-04-02,Song of the Sea,2014,https://boxd.it/3Ic6
2022-04-02,Up,2009,https://boxd.it/1OEc
2022-04-02,"Monsters, Inc.",2001,https://boxd.it/2a46
2022-04-02,Finding Nemo,2003,https://boxd.it/72i
2022-04-02,Klaus,2019,https://boxd.it/ipoi
2022-04-02,Mulan,1998,https://boxd.it/1VFw
2022-04-02,Castle in the Sky,1986,https://boxd.it/1W4G
2022-04-02,Shrek,2001,https://boxd.it/29zi
2022-04-02,The Nightmare Before Christmas,1993,https://boxd.it/1YzQ
2022-04-02,Beauty and the Beast,1991,https://boxd.it/1XhG
2022-04-02,Aladdin,1992,https://boxd.it/29yE
2022-04-02,It Comes at Night,2017,https://boxd.it/eLuk
2022-04-08,Chungking Express,1994,https://boxd.it/1UDa
2022-04-10,Casino Royale,2006,https://boxd.it/1alk
2022-04-11,The Death of Dick Long,2019,https://boxd.it/kIoA
2022-04-13,Army of Thieves,2021,https://boxd.it/tYai
2022-04-14,Shutter Island,2010,https://boxd.it/1U82
2022-04-15,Life Is Beautiful,1997,https://boxd.it/29Wm
2022-04-15,The Great Dictator,1940,https://boxd.it/29ic
2022-04-15,The Martian,2015,https://boxd.it/8SeG
2022-04-15,Léon: The Professional,1994,https://boxd.it/2b8S
2022-04-15,Tangled,2010,https://boxd.it/15gO
2022-04-15,Frozen,2013,https://boxd.it/3GNa
2022-04-15,Zootopia,2016,https://boxd.it/84xS
2022-04-15,Moana,2016,https://boxd.it/8tfY
2022-04-15,The Little Mermaid,1989,https://boxd.it/1WYO
2022-04-15,Big Hero 6,2014,https://boxd.it/5rje
2022-04-15,Snow White and the Seven Dwarfs,1937,https://boxd.it/2arO
2022-04-15,Alice in Wonderland,1951,https://boxd.it/1Sz6
2022-04-15,Cinderella,1950,https://boxd.it/1Uki
2022-04-15,Peter Pan,1953,https://boxd.it/1VCC
2022-04-15,The Bling Ring,2013,https://boxd.it/3lPY
2022-04-15,The Lobster,2015,https://boxd.it/7tnw
2022-04-15,Scott Pilgrim vs. the World,2010,https://boxd.it/1Aq6
2022-04-15,Guardians of the Galaxy Vol. 2,2017,https://boxd.it/8MxC
2022-04-15,Captain America: The Winter Soldier,2014,https://boxd.it/3r58
2022-04-15,Star Wars: The Last Jedi,2017,https://boxd.it/5xme
2022-04-15,Harry Potter and the Prisoner of Azkaban,2004,https://boxd.it/29Qy
2022-04-15,Star Wars: The Rise of Skywalker,2019,https://boxd.it/5xlK
2022-04-15,Captain America: The First Avenger,2011,https://boxd.it/28b0
2022-04-15,Harry Potter and the Chamber of Secrets,2002,https://boxd.it/29QI
2022-04-15,Harry Potter and the Goblet of Fire,2005,https://boxd.it/29Qo
2022-04-15,Harry Potter and the Deathly Hallows: Part 2,2011,https://boxd.it/1RYk
2022-04-15,Star Wars: Episode III - Revenge of the Sith,2005,https://boxd.it/27US
2022-04-15,Harry Potter and the Order of the Phoenix,2007,https://boxd.it/29Qe
2022-04-15,Harry Potter and the Deathly Hallows: Part 1,2010,https://boxd.it/1RYu
2022-04-15,Ant-Man and the Wasp,2018,https://boxd.it/cqUW
2022-04-15,Harry Potter and the Half-Blood Prince,2009,https://boxd.it/29FU
2022-04-15,Star Wars: Episode I - The Phantom Menace,1999,https://boxd.it/27Vc
2022-04-15,One Flew Over the Cuckoo's Nest,1975,https://boxd.it/2aeA
2022-04-15,Pirates of the Caribbean: The Curse of the Black Pearl,2003,https://boxd.it/70G
2022-04-15,Star Wars: Episode II - Attack of the Clones,2002,https://boxd.it/27V2
2022-04-15,Fantastic Beasts and Where to Find Them,2016,https://boxd.it/7FPC
2022-04-15,Indiana Jones and the Kingdom of the Crystal Skull,2008,https://boxd.it/2aR8
2022-04-15,The Chronicles of Narnia: The Voyage of the Dawn Treader,2010,https://boxd.it/1WZs
2022-04-15,Lemony Snicket's A Series of Unfortunate Events,2004,https://boxd.it/1T7s
2022-04-15,Indiana Jones and the Temple of Doom,1984,https://boxd.it/2bb8
2022-04-15,Indiana Jones and the Last Crusade,1989,https://boxd.it/2baO
2022-04-15,Cloudy with a Chance of Meatballs,2009,https://boxd.it/1A40
2022-04-15,Dawn of the Planet of the Apes,2014,https://boxd.it/3XyQ
2022-04-15,Rise of the Planet of the Apes,2011,https://boxd.it/cS4
2022-04-15,Alice Through the Looking Glass,2016,https://boxd.it/75Yo
2022-04-15,Fantastic Beasts: The Crimes of Grindelwald,2018,https://boxd.it/bg8G
2022-04-15,Winter on Fire: Ukraine's Fight for Freedom,2015,https://boxd.it/bYWU
2022-04-15,Teenage Mutant Ninja Turtles: Out of the Shadows,2016,https://boxd.it/9T2e
2022-04-15,Percy Jackson & the Olympians: The Lightning Thief,2010,https://boxd.it/1gJi
2022-04-15,Pirates of the Caribbean: Dead Men Tell No Tales,2017,https://boxd.it/5a9m
2022-04-15,The Secret Life of Pets,2016,https://boxd.it/aJ5E
2022-04-15,War for the Planet of the Apes,2017,https://boxd.it/8FE2
2022-04-15,Sherlock Holmes: A Game of Shadows,2011,https://boxd.it/k3S
2022-04-15,As Good as It Gets,1997,https://boxd.it/268y
2022-04-15,Ice Age: Dawn of the Dinosaurs,2009,https://boxd.it/20iC
2022-04-15,I Want to Eat Your Pancreas,2018,https://boxd.it/ie6C
2022-04-15,Jumanji: Welcome to the Jungle,2017,https://boxd.it/bUeE
2022-04-15,The Secret World of Arrietty,2010,https://boxd.it/AF4
2022-04-15,From Up on Poppy Hill,2011,https://boxd.it/2VCa
2022-04-15,The Lego Movie 2: The Second Part,2019,https://boxd.it/8BAU
2022-04-15,If Anything Happens I Love You,2020,https://boxd.it/qIv4
2022-04-15,The Devil All the Time,2020,https://boxd.it/i2tY
2022-04-15,Captain America: Civil War,2016,https://boxd.it/89Ja
2022-04-15,Deadpool,2016,https://boxd.it/9fOC
2022-04-15,Star Trek,2009,https://boxd.it/1Q6c
2022-04-15,Regular Show: The Movie,2015,https://boxd.it/bXNM
2022-04-15,Surf's Up,2007,https://boxd.it/1YKY
2022-04-15,A Quiet Place,2018,https://boxd.it/fVJQ
2022-04-15,John Wick: Chapter 2,2017,https://boxd.it/ayGu
2022-04-15,Spider-Man,2002,https://boxd.it/2a8i
2022-04-15,Superbad,2007,https://boxd.it/20hO
2022-04-15,Robots,2005,https://boxd.it/1Xve
2022-04-15,Wanted,2008,https://boxd.it/1ZBS
2022-04-15,High School Musical,2006,https://boxd.it/1V0y
2022-04-15,The Hunger Games,2012,https://boxd.it/2uds
2022-04-15,Mission: Impossible - Fallout,2018,https://boxd.it/bSVc
2022-05-10,5 Centimeters per Second,2007,https://boxd.it/16G4
2022-05-10,Weathering with You,2019,https://boxd.it/kPxE
2022-05-11,The Girl with the Dragon Tattoo,2011,https://boxd.it/2Pa
2022-05-11,Gone Girl,2014,https://boxd.it/6hQu
2022-05-11,Mank,2020,https://boxd.it/mIuC
2022-05-26,Chip 'n Dale: Rescue Rangers,2022,https://boxd.it/eSk2
2022-05-28,The Truman Show,1998,https://boxd.it/18U8
2022-05-30,Everything Everywhere All at Once,2022,https://boxd.it/jUk4
2022-06-05,Save Ralph,2021,https://boxd.it/ux2o
2022-06-05,Green Lantern,2011,https://boxd.it/QN4
2022-06-05,The Adventures of Tintin,2011,https://boxd.it/1Irc
2022-06-14,Sonic the Hedgehog,2020,https://boxd.it/gdK8
2022-06-21,Jungle Cruise,2021,https://boxd.it/g4YK
2022-06-21,Predestination,2014,https://boxd.it/6bJM
2022-06-21,The Goonies,1985,https://boxd.it/1YVC
2022-06-22,"Paris, Texas",1984,https://boxd.it/29Ts
2022-06-22,The Avengers,2012,https://boxd.it/1xFW
2022-06-26,The Summit of the Gods,2021,https://boxd.it/qFIu
2022-06-26,Doctor Strange in the Multiverse of Madness,2022,https://boxd.it/gaTc
2022-06-26,Obi-Wan Kenobi,2022,https://boxd.it/yLBA
2022-06-27,The Northman,2022,https://boxd.it/nK2s
2022-06-27,Sully,2016,https://boxd.it/cD8Q
2022-06-27,"O Brother, Where Art Thou?",2000,https://boxd.it/2b3I
2022-06-29,Beautiful Boy,2018,https://boxd.it/g76Q
2022-06-29,Hillbilly Elegy,2020,https://boxd.it/lQmY
2022-06-30,"Love, Rosie",2014,https://boxd.it/62hE
2022-06-30,Zathura: A Space Adventure,2005,https://boxd.it/21mq
2022-06-30,Chef,2014,https://boxd.it/6lCG
2022-07-04,Top Gun: Maverick,2022,https://boxd.it/cjr4
2022-07-04,Free Solo,2018,https://boxd.it/iEEq
2022-07-07,Okja,2017,https://boxd.it/dvXe
2022-07-08,Memoirs of a Geisha,2005,https://boxd.it/27TA
2022-07-09,The Haunting of Hill House,2018,https://boxd.it/kfJ0
2022-07-09,It Chapter Two,2019,https://boxd.it/h10u
2022-07-09,It,2017,https://boxd.it/bC8e
2022-07-09,Oblivion,2013,https://boxd.it/2Bzq
2022-07-11,Bolt,2008,https://boxd.it/1QXg
2022-07-12,The Sea Beast,2022,https://boxd.it/kv3a
2022-07-12,Nocturnal Animals,2016,https://boxd.it/bkFu
2022-07-13,Ron's Gone Wrong,2021,https://boxd.it/hlj2
2022-07-13,Arthur Christmas,2011,https://boxd.it/Cg6
2022-07-14,My Life as a Zucchini,2016,https://boxd.it/dL2y
2022-07-17,Gran Torino,2008,https://boxd.it/1Qzy
2022-07-17,Da 5 Bloods,2020,https://boxd.it/lnXw
2022-07-18,21 Grams,2003,https://boxd.it/2ajK
2022-07-18,Pieces of a Woman,2020,https://boxd.it/nOrQ
2022-07-18,You've Got Mail,1998,https://boxd.it/1Yye
2022-07-20,A Goofy Movie,1995,https://boxd.it/1Lwu
2022-07-20,The Hurt Locker,2008,https://boxd.it/1Soi
2022-07-20,American Sniper,2014,https://boxd.it/5LDy
2022-07-22,Lightyear,2022,https://boxd.it/qV1G
2022-07-22,Mean Girls,2004,https://boxd.it/1VNg
2022-07-25,RRR,2022,https://boxd.it/ljDs
2022-07-26,Reservoir Dogs,1992,https://boxd.it/2agc
2022-07-26,Moonlight,2016,https://boxd.it/d6bE
2022-07-28,Fallen Angels,1995,https://boxd.it/1UkW
2022-07-30,The Gray Man,2022,https://boxd.it/rb7q
2022-08-05,El Camino: A Breaking Bad Movie,2019,https://boxd.it/kv0q
2022-08-12,Victoria,2015,https://boxd.it/amSe
2022-08-19,10 Cloverfield Lane,2016,https://boxd.it/aZiu
2022-08-19,"Oslo, August 31st",2011,https://boxd.it/2xQC
2022-08-25,Being John Malkovich,1999,https://boxd.it/2ahu
2022-08-25,Y Tu Mamá También,2001,https://boxd.it/28QM
2022-09-07,Memoria,2021,https://boxd.it/iwtE
2022-09-07,Nope,2022,https://boxd.it/sDCe
2022-09-08,The Mummy,1999,https://boxd.it/2a7a
2022-09-17,World War Z,2013,https://boxd.it/2p2E
2022-09-21,Thor: Love and Thunder,2022,https://boxd.it/mMAY
2022-09-24,Us,2019,https://boxd.it/gnV6
2022-10-09,Palm Springs,2020,https://boxd.it/lCXQ
2022-10-09,Do Revenge,2022,https://boxd.it/sFiA
2022-10-13,Entergalactic,2022,https://boxd.it/CPN4
2022-10-16,Sinister,2012,https://boxd.it/2TnW
2022-10-23,Smile,2022,https://boxd.it/xjfE
2022-11-02,Werewolf by Night,2022,https://boxd.it/xMrO
2022-11-03,Enchanted,2007,https://boxd.it/24co
2022-11-05,Casablanca,1942,https://boxd.it/2aG0
2022-11-07,Enola Holmes 2,2022,https://boxd.it/vfDe
